timeStamp,elapsed,label,responseCode,responseMessage,threadName,dataType,success,failureMessage,bytes,sentBytes,grpThreads,allThreads,URL,Latency,IdleTime,Connect
1683500421442,61,Hybrid,200,OK,Thread Group 3-1,text,true,,181,220,1,2,http://localhost:8088/order/create,61,0,9
1683500422445,8,Hybrid,200,OK,Thread Group 3-2,text,true,,181,220,1,1,http://localhost:8088/order/create,8,0,1
1683500423474,10,Hybrid,200,OK,Thread Group 3-3,text,true,,181,220,1,1,http://localhost:8088/order/create,10,0,5
1683500424446,22,Hybrid,200,OK,Thread Group 3-4,text,true,,181,220,1,3,http://localhost:8088/order/create,22,0,2
1683500425445,40,Hybrid,200,OK,Thread Group 3-5,text,true,,181,220,1,3,http://localhost:8088/order/create,39,0,33
1683500426448,20,Hybrid,200,OK,Thread Group 3-6,text,true,,181,220,1,3,http://localhost:8088/order/create,20,0,2
1683500427450,12,Hybrid,200,OK,Thread Group 3-7,text,true,,181,220,1,1,http://localhost:8088/order/create,12,0,4
1683500428446,21,Hybrid,200,OK,Thread Group 3-8,text,true,,181,220,1,2,http://localhost:8088/order/create,21,0,2
1683500429444,20,Hybrid,200,OK,Thread Group 3-9,text,true,,181,220,1,3,http://localhost:8088/order/create,20,0,3
1683500430443,7,Hybrid,200,OK,Thread Group 3-10,text,true,,181,220,1,3,http://localhost:8088/order/create,7,0,1
